"file","size_MB","md5"
"GSE131907_metadata_curated.csv",33.73,"df5ce0f4a916900f8f3b5f4e5df4f473"
"GSE131907_sample_QC.csv",0,"54fb95321ced06ae2dd5931ab4ca617d"
"GSE131907_QC_filtering_report.csv",0,"1a9e99d3e2d3e1d5b388b2ad5e1e3bad"
"GSE131907_QC_percentiles.csv",0,"0d28dca3c4b4f62f9454109b15b5d4e3"
"GSE131907_sample_to_patient_mapping.csv",0,"f445c9f3d307cdaabda7b3893683d1f3"
"GSE131907_full_on_disk.rds",13.37,"95031bf1475fcd791f79af3b6c5af902"
"GSE131907_filtered_on_disk.rds",13.37,"95031bf1475fcd791f79af3b6c5af902"
"GSE131907_malignant_full.rds",3.38,"1c6c22d85e24ae367b56bcfb64d1b2f5"
"GSE131907_malignant_portable.rds",228.91,"4bb1175056d835debb21c5614b49dfe1"
"GSE131907_sketch.rds",485.55,"b778d18913ae62b5512311b9cd2556da"
