"Patient_ID","Sample","Cell_subtype","selected_cells","pilot_cells","selection_status","random_seed","seed_note"
"P0006","LUNG_T06","tS1",40,40,"Frozen pilot",NA,"Historical seed not available in saved artifacts; frozen cell IDs are the reproducible source of truth."
"P0006","LUNG_T06","tS2",50,50,"Frozen pilot",NA,"Historical seed not available in saved artifacts; frozen cell IDs are the reproducible source of truth."
"P0006","LUNG_T06","tS3",5,5,"Frozen pilot",NA,"Historical seed not available in saved artifacts; frozen cell IDs are the reproducible source of truth."
"P0008","LUNG_T08","tS1",33,33,"Frozen pilot",NA,"Historical seed not available in saved artifacts; frozen cell IDs are the reproducible source of truth."
"P0008","LUNG_T08","tS2",8,8,"Frozen pilot",NA,"Historical seed not available in saved artifacts; frozen cell IDs are the reproducible source of truth."
"P0008","LUNG_T08","tS3",1,1,"Frozen pilot",NA,"Historical seed not available in saved artifacts; frozen cell IDs are the reproducible source of truth."
"P0009","LUNG_T09","tS1",5,5,"Frozen pilot",NA,"Historical seed not available in saved artifacts; frozen cell IDs are the reproducible source of truth."
"P0018","LUNG_T18","tS1",47,47,"Frozen pilot",NA,"Historical seed not available in saved artifacts; frozen cell IDs are the reproducible source of truth."
"P0018","LUNG_T18","tS2",50,50,"Frozen pilot",NA,"Historical seed not available in saved artifacts; frozen cell IDs are the reproducible source of truth."
"P0018","LUNG_T18","tS3",2,2,"Frozen pilot",NA,"Historical seed not available in saved artifacts; frozen cell IDs are the reproducible source of truth."
"P0019","LUNG_T19","tS1",50,50,"Frozen pilot",NA,"Historical seed not available in saved artifacts; frozen cell IDs are the reproducible source of truth."
"P0019","LUNG_T19","tS2",25,25,"Frozen pilot",NA,"Historical seed not available in saved artifacts; frozen cell IDs are the reproducible source of truth."
"P0019","LUNG_T19","tS3",37,37,"Frozen pilot",NA,"Historical seed not available in saved artifacts; frozen cell IDs are the reproducible source of truth."
"P0020","LUNG_T20","tS1",47,47,"Frozen pilot",NA,"Historical seed not available in saved artifacts; frozen cell IDs are the reproducible source of truth."
"P0020","LUNG_T20","tS2",50,50,"Frozen pilot",NA,"Historical seed not available in saved artifacts; frozen cell IDs are the reproducible source of truth."
"P0025","LUNG_T25","tS1",50,50,"Frozen pilot",NA,"Historical seed not available in saved artifacts; frozen cell IDs are the reproducible source of truth."
"P0025","LUNG_T25","tS2",25,25,"Frozen pilot",NA,"Historical seed not available in saved artifacts; frozen cell IDs are the reproducible source of truth."
"P0025","LUNG_T25","tS3",8,8,"Frozen pilot",NA,"Historical seed not available in saved artifacts; frozen cell IDs are the reproducible source of truth."
"P0028","LUNG_T28","tS1",44,44,"Frozen pilot",NA,"Historical seed not available in saved artifacts; frozen cell IDs are the reproducible source of truth."
"P0028","LUNG_T28","tS2",50,50,"Frozen pilot",NA,"Historical seed not available in saved artifacts; frozen cell IDs are the reproducible source of truth."
"P0030","LUNG_T30","tS1",50,50,"Frozen pilot",NA,"Historical seed not available in saved artifacts; frozen cell IDs are the reproducible source of truth."
"P0030","LUNG_T30","tS2",8,8,"Frozen pilot",NA,"Historical seed not available in saved artifacts; frozen cell IDs are the reproducible source of truth."
"P0030","LUNG_T30","tS3",10,10,"Frozen pilot",NA,"Historical seed not available in saved artifacts; frozen cell IDs are the reproducible source of truth."
"P0031","LUNG_T31","tS1",45,45,"Frozen pilot",NA,"Historical seed not available in saved artifacts; frozen cell IDs are the reproducible source of truth."
"P0031","LUNG_T31","tS2",50,50,"Frozen pilot",NA,"Historical seed not available in saved artifacts; frozen cell IDs are the reproducible source of truth."
"P0031","LUNG_T31","tS3",1,1,"Frozen pilot",NA,"Historical seed not available in saved artifacts; frozen cell IDs are the reproducible source of truth."
"P0034","LUNG_T34","tS1",50,50,"Frozen pilot",NA,"Historical seed not available in saved artifacts; frozen cell IDs are the reproducible source of truth."
"P0034","LUNG_T34","tS2",50,50,"Frozen pilot",NA,"Historical seed not available in saved artifacts; frozen cell IDs are the reproducible source of truth."
"P1006","EBUS_06","Malignant cells",50,50,"Frozen pilot",NA,"Historical seed not available in saved artifacts; frozen cell IDs are the reproducible source of truth."
"P1010","EBUS_10","Malignant cells",50,50,"Frozen pilot",NA,"Historical seed not available in saved artifacts; frozen cell IDs are the reproducible source of truth."
"P1011","BRONCHO_11","Malignant cells",50,50,"Frozen pilot",NA,"Historical seed not available in saved artifacts; frozen cell IDs are the reproducible source of truth."
"P1012","EBUS_12","Malignant cells",50,50,"Frozen pilot",NA,"Historical seed not available in saved artifacts; frozen cell IDs are the reproducible source of truth."
"P1013","EBUS_13","Malignant cells",50,50,"Frozen pilot",NA,"Historical seed not available in saved artifacts; frozen cell IDs are the reproducible source of truth."
"P1015","EBUS_15","Malignant cells",50,50,"Frozen pilot",NA,"Historical seed not available in saved artifacts; frozen cell IDs are the reproducible source of truth."
"P1019","EBUS_19","Malignant cells",50,50,"Frozen pilot",NA,"Historical seed not available in saved artifacts; frozen cell IDs are the reproducible source of truth."
"P1028","EBUS_28","Malignant cells",50,50,"Frozen pilot",NA,"Historical seed not available in saved artifacts; frozen cell IDs are the reproducible source of truth."
"P1049","EBUS_49","Malignant cells",50,50,"Frozen pilot",NA,"Historical seed not available in saved artifacts; frozen cell IDs are the reproducible source of truth."
"P1051","EBUS_51","Malignant cells",50,50,"Frozen pilot",NA,"Historical seed not available in saved artifacts; frozen cell IDs are the reproducible source of truth."
"P1058","BRONCHO_58","Malignant cells",50,50,"Frozen pilot",NA,"Historical seed not available in saved artifacts; frozen cell IDs are the reproducible source of truth."
"P3002","NS_02","Malignant cells",50,50,"Frozen pilot",NA,"Historical seed not available in saved artifacts; frozen cell IDs are the reproducible source of truth."
"P3003","NS_03","Malignant cells",50,50,"Frozen pilot",NA,"Historical seed not available in saved artifacts; frozen cell IDs are the reproducible source of truth."
"P3004","NS_04","Malignant cells",50,50,"Frozen pilot",NA,"Historical seed not available in saved artifacts; frozen cell IDs are the reproducible source of truth."
"P3006","NS_06","Malignant cells",50,50,"Frozen pilot",NA,"Historical seed not available in saved artifacts; frozen cell IDs are the reproducible source of truth."
"P3007","NS_07","Malignant cells",50,50,"Frozen pilot",NA,"Historical seed not available in saved artifacts; frozen cell IDs are the reproducible source of truth."
"P3012","NS_12","Malignant cells",50,50,"Frozen pilot",NA,"Historical seed not available in saved artifacts; frozen cell IDs are the reproducible source of truth."
"P3013","NS_13","Malignant cells",50,50,"Frozen pilot",NA,"Historical seed not available in saved artifacts; frozen cell IDs are the reproducible source of truth."
"P3016","NS_16","Malignant cells",50,50,"Frozen pilot",NA,"Historical seed not available in saved artifacts; frozen cell IDs are the reproducible source of truth."
"P3017","NS_17","Malignant cells",50,50,"Frozen pilot",NA,"Historical seed not available in saved artifacts; frozen cell IDs are the reproducible source of truth."
"P3019","NS_19","Malignant cells",50,50,"Frozen pilot",NA,"Historical seed not available in saved artifacts; frozen cell IDs are the reproducible source of truth."
