"Patient_ID","Malignant_cells","Reference_cells","Input_genes","Input_cells","Output_genes","Output_cells","NA_values","Infinite_values","Status","Error","Low_malignant_cells","Low_reference_cells","Low_output_genes","Has_NA","Has_Inf","Run_failed","Needs_review","QC_status"
"P0006",NA,NA,NA,NA,NA,NA,NA,NA,"MISSING",NA,NA,NA,NA,NA,NA,TRUE,TRUE,"CHECK"
"P0008",42,15,19532,57,8198,57,0,0,"SUCCESS",NA,FALSE,FALSE,FALSE,FALSE,FALSE,FALSE,FALSE,"PASS"
"P0009",5,15,19532,20,4230,20,0,0,"SUCCESS",NA,TRUE,FALSE,TRUE,FALSE,FALSE,FALSE,TRUE,"CHECK"
"P0018",50,15,19532,65,6809,65,0,0,"SUCCESS",NA,FALSE,FALSE,FALSE,FALSE,FALSE,FALSE,FALSE,"PASS"
"P0019",50,15,19532,65,8490,65,0,0,"SUCCESS",NA,FALSE,FALSE,FALSE,FALSE,FALSE,FALSE,FALSE,"PASS"
"P0020",50,15,19532,65,7371,65,0,0,"SUCCESS",NA,FALSE,FALSE,FALSE,FALSE,FALSE,FALSE,FALSE,"PASS"
"P0025",50,15,19532,65,7484,65,0,0,"SUCCESS",NA,FALSE,FALSE,FALSE,FALSE,FALSE,FALSE,FALSE,"PASS"
"P0028",50,15,19532,65,7202,65,0,0,"SUCCESS",NA,FALSE,FALSE,FALSE,FALSE,FALSE,FALSE,FALSE,"PASS"
"P0030",50,15,19532,65,5522,65,0,0,"SUCCESS",NA,FALSE,FALSE,FALSE,FALSE,FALSE,FALSE,FALSE,"PASS"
"P0031",50,15,19532,65,7892,65,0,0,"SUCCESS",NA,FALSE,FALSE,FALSE,FALSE,FALSE,FALSE,FALSE,"PASS"
"P0034",50,15,19532,65,7976,65,0,0,"SUCCESS",NA,FALSE,FALSE,FALSE,FALSE,FALSE,FALSE,FALSE,"PASS"
"P1006",50,15,19532,65,8027,65,0,0,"SUCCESS",NA,FALSE,FALSE,FALSE,FALSE,FALSE,FALSE,FALSE,"PASS"
"P1010",50,15,19532,65,9302,65,0,0,"SUCCESS",NA,FALSE,FALSE,FALSE,FALSE,FALSE,FALSE,FALSE,"PASS"
"P1011",50,15,19532,65,9137,65,0,0,"SUCCESS",NA,FALSE,FALSE,FALSE,FALSE,FALSE,FALSE,FALSE,"PASS"
"P1012",50,15,19532,65,10450,65,0,0,"SUCCESS",NA,FALSE,FALSE,FALSE,FALSE,FALSE,FALSE,FALSE,"PASS"
"P1013",50,15,19532,65,9239,65,0,0,"SUCCESS",NA,FALSE,FALSE,FALSE,FALSE,FALSE,FALSE,FALSE,"PASS"
"P1015",50,15,19532,65,9951,65,0,0,"SUCCESS",NA,FALSE,FALSE,FALSE,FALSE,FALSE,FALSE,FALSE,"PASS"
"P1019",50,15,19532,65,10344,65,0,0,"SUCCESS",NA,FALSE,FALSE,FALSE,FALSE,FALSE,FALSE,FALSE,"PASS"
"P1028",50,15,19532,65,6826,65,0,0,"SUCCESS",NA,FALSE,FALSE,FALSE,FALSE,FALSE,FALSE,FALSE,"PASS"
"P1049",50,15,19532,65,7824,65,0,0,"SUCCESS",NA,FALSE,FALSE,FALSE,FALSE,FALSE,FALSE,FALSE,"PASS"
"P1051",50,15,19532,65,8122,65,0,0,"SUCCESS",NA,FALSE,FALSE,FALSE,FALSE,FALSE,FALSE,FALSE,"PASS"
"P1058",50,15,19532,65,8307,65,0,0,"SUCCESS",NA,FALSE,FALSE,FALSE,FALSE,FALSE,FALSE,FALSE,"PASS"
"P3002",50,15,19532,65,8314,65,0,0,"SUCCESS",NA,FALSE,FALSE,FALSE,FALSE,FALSE,FALSE,FALSE,"PASS"
"P3003",50,15,19532,65,8057,65,0,0,"SUCCESS",NA,FALSE,FALSE,FALSE,FALSE,FALSE,FALSE,FALSE,"PASS"
"P3004",50,14,19532,64,9289,64,0,0,"SUCCESS",NA,FALSE,FALSE,FALSE,FALSE,FALSE,FALSE,FALSE,"PASS"
"P3006",50,15,19532,65,8773,65,0,0,"SUCCESS",NA,FALSE,FALSE,FALSE,FALSE,FALSE,FALSE,FALSE,"PASS"
"P3007",50,15,19532,65,6051,65,0,0,"SUCCESS",NA,FALSE,FALSE,FALSE,FALSE,FALSE,FALSE,FALSE,"PASS"
"P3012",50,15,19532,65,8227,65,0,0,"SUCCESS",NA,FALSE,FALSE,FALSE,FALSE,FALSE,FALSE,FALSE,"PASS"
"P3013",50,15,19532,65,5792,65,0,0,"SUCCESS",NA,FALSE,FALSE,FALSE,FALSE,FALSE,FALSE,FALSE,"PASS"
"P3016",50,15,19532,65,7701,65,0,0,"SUCCESS",NA,FALSE,FALSE,FALSE,FALSE,FALSE,FALSE,FALSE,"PASS"
"P3017",50,15,19532,65,7977,65,0,0,"SUCCESS",NA,FALSE,FALSE,FALSE,FALSE,FALSE,FALSE,FALSE,"PASS"
"P3019",50,15,19532,65,7108,65,0,0,"SUCCESS",NA,FALSE,FALSE,FALSE,FALSE,FALSE,FALSE,FALSE,"PASS"
