"p_val","avg_log2FC","pct.1","pct.2","p_val_adj","cluster","gene"
2.14046494114728e-21,2.81713288607203,0.305,0.067,5.90297421469598e-17,0,"RP11-350J20.12"
6.37814031283461e-15,2.70957594803645,0.267,0.077,1.75896353547353e-10,0,"STC2"
1.78675451900996e-16,2.69316112123433,0.256,0.063,4.92751161252566e-12,0,"PTAFR"
2.6711711183457e-19,2.68480595765425,0.338,0.098,7.36655571017376e-15,0,"KRT6A"
1.4537568907888e-23,2.31289040005299,0.365,0.09,4.00917075341735e-19,0,"SAMD9L"
5.89608546568167e-14,2.27011912036226,0.353,0.141,1.62602244972569e-09,0,"SLC6A14"
6.94583236583804e-21,2.09326265261681,0.331,0.083,1.91552164985081e-16,0,"COL17A1"
8.84147181289965e-25,2.07938575219078,0.387,0.098,2.43830109656147e-20,0,"VASN"
3.42161342859823e-29,2.07668996348717,0.647,0.281,9.4361255133882e-25,0,"S100A2"
2.27136833380048e-22,2.06387122937829,0.635,0.313,6.26397959095497e-18,0,"LCN2"
4.56938735719953e-07,1.67462633722081,0.097,0.307,0.0126014564536849,1,"MMP15"
1.36588739465729e-06,1.44662761916245,0.124,0.349,0.0376684425698588,1,"ZMYM2"
3.92653368299725e-08,1.42698747050322,0.07,0.286,0.00108285945909698,1,"FHOD1"
1.57539504493058e-06,1.38213805859106,0.075,0.259,0.0434462445490956,1,"BRAF"
2.3459026966754e-08,1.34945351984725,0.108,0.354,0.000646953045689142,1,"MBD3"
4.44417910095413e-07,1.33186237649187,0.075,0.273,0.0122561571246113,1,"SECISBP2L"
5.54678606002479e-07,1.25963460201417,0.07,0.26,0.0152969265963364,1,"AGO1"
4.02345821794922e-08,1.2519018972535,0.113,0.368,0.00110958930734604,1,"FBXO21"
8.27665338569598e-07,1.23272719883795,0.118,0.344,0.0228253547070724,1,"REXO4"
2.1343688033107e-07,1.22692256561912,0.097,0.314,0.00588616228577025,1,"BPGM"
9.99227978390827e-57,5.12655594052855,0.446,0.019,2.75567091880622e-52,2,"KIF14"
8.83663113350235e-29,4.25143002747821,0.265,0.016,2.43696613399728e-24,2,"E2F2"
1.30731134159651e-28,4.1584075363109,0.277,0.019,3.60530321785486e-24,2,"CDC45"
1.36838503031086e-75,4.07874318038127,0.843,0.093,3.7737322365913e-71,2,"TOP2A"
9.74625084703549e-31,4.0126931096966,0.373,0.038,2.68782105859545e-26,2,"KIF11"
1.29980665181797e-26,3.97063434253943,0.253,0.016,3.58460678438361e-22,2,"CDCA2"
1.7381105105206e-56,3.73921576046133,0.542,0.037,4.7933611659137e-52,2,"GTSE1"
2.36430004941579e-46,3.72933386686137,0.482,0.038,6.52026667627887e-42,2,"PLK1"
3.51757348334871e-32,3.70689612454146,0.325,0.024,9.70076415237907e-28,2,"MCM10"
2.66165720054728e-40,3.70290576271389,0.337,0.016,7.34031822766929e-36,2,"BUB1B"
8.1424967644588e-47,6.88926885319989,0.319,0.007,2.24553775770245e-42,3,"RP11-355F16.1"
1.99872848442817e-72,5.8315364580885,0.472,0.009,5.512093414356e-68,3,"IL33"
1.84304203685071e-52,4.90713238932056,0.597,0.054,5.08274132922688e-48,3,"FGA"
4.99964699108449e-57,4.68177345746913,0.694,0.077,1.37880264720128e-52,3,"CAPN13"
3.62524876633407e-72,4.56116111710347,0.708,0.049,9.99771104779609e-68,3,"FGL1"
7.94112513335582e-36,4.51328220920438,0.278,0.01,2.19000348927687e-31,3,"PRRX1"
7.52379152086653e-12,4.41194791071546,0.528,0.231,2.07491122562457e-07,3,"S100A8"
1.16344031623716e-42,4.3783166401083,0.667,0.109,3.20853570411885e-38,3,"HP"
2.96441170289262e-75,4.34834335734649,0.792,0.064,8.17525459423727e-71,3,"FGG"
6.20722838688005e-30,4.3026443646236,0.347,0.031,1.71182944453378e-25,3,"HSD17B2"
2.55529635287105e-50,6.20644295482564,0.375,0.011,7.04699628194778e-46,4,"PDE3A"
4.85250531323459e-32,5.93485719583939,0.25,0.008,1.33822391528383e-27,4,"TBX2"
9.59778552649832e-41,5.52207855356255,0.281,0.006,2.64687729249771e-36,4,"MGAT3"
2.18987544988664e-28,5.35940818259485,0.312,0.023,6.03923851569739e-24,4,"EDNRB"
7.31384132876395e-38,5.26360132452085,0.312,0.012,2.01701116164652e-33,4,"LINC01551"
3.8273616968908e-38,5.24173025910165,0.484,0.047,1.05550980876854e-33,4,"COL3A1"
5.11406397497501e-46,5.22404969256851,0.312,0.006,1.41035656301861e-41,4,"TENM3"
4.22171455812314e-35,5.14145334941225,0.297,0.012,1.1642644408392e-30,4,"GCG"
2.02317507418408e-34,5.11151872426528,0.266,0.008,5.57951221958486e-30,4,"EPHA3"
2.91261816839549e-28,5.08694829951097,0.312,0.023,8.03241838480107e-24,4,"SYT11"
3.41503734149725e-61,6.43866245053186,0.447,0.01,9.41798998038111e-57,5,"DNAH10"
5.12875415465723e-36,6.42910818180276,0.319,0.012,1.41440782077137e-31,5,"ELN"
1.83144557411789e-53,6.41083965455082,0.404,0.01,5.05076060430231e-49,5,"BBOX1"
5.86723063002406e-58,6.23501675802801,0.574,0.029,1.61806486314803e-53,5,"COLEC12"
2.15377743382164e-45,6.08619760488488,0.426,0.018,5.93968740699333e-41,5,"RP11-157E21.1"
2.77419515703333e-38,5.80910614591698,0.362,0.015,7.65067540406651e-34,5,"SLC10A4"
1.17108700825475e-12,5.54097874492752,0.617,0.2,3.22962375136496e-08,5,"IGLC3"
1.63473693187319e-56,5.25012763469013,0.532,0.023,4.50827751071988e-52,5,"RASGRF1"
7.11899509376436e-40,5.15105108276077,0.468,0.031,1.96327646695834e-35,5,"PRF1"
8.86103312905981e-89,5.14367284143377,0.681,0.017,2.44369571633212e-84,5,"AC008268.1"
5.09212393358139e-13,4.63890961953488,0.415,0.092,1.40430593840308e-08,6,"AURKB"
2.70694595207213e-07,4.58589785529001,0.293,0.079,0.00746521554662452,6,"CDCA3"
1.95313608418765e-07,4.55174899817791,0.293,0.078,0.00538635869297269,6,"HMMR"
5.3105643441578e-09,4.43220325074607,0.341,0.088,0.000146454743483184,6,"CENPA"
1.40657379231901e-07,4.28913427065948,0.293,0.075,0.00387904920445736,6,"PBK"
1.72037132034652e-07,4.236317368601,0.366,0.121,0.00474444002725164,6,"CDC20"
1.56706753931126e-17,4.2038330782575,0.561,0.133,4.3216588599126e-13,6,"CDK1"
3.62687813129845e-18,4.1170868601024,0.707,0.23,1.00022045104949e-13,6,"UBE2C"
4.69692175880538e-11,3.7943101467928,0.512,0.17,1.29531708264335e-06,6,"CCNB1"
5.3063330629514e-08,3.72091364652416,0.415,0.144,0.00146338053210074,6,"TPX2"
3.08117565463352e-106,9.89669532553223,0.575,0.001,8.49726622034832e-102,7,"OTOS"
7.64098642380299e-87,9.22346498564986,0.475,0.001,2.10723123595639e-82,7,"TBX10"
4.13770935770415e-150,8.86118106658436,0.9,0.007,1.14109748666765e-145,7,"CD177"
5.10402307555725e-58,8.43319209275501,0.3,0,1.40758748377718e-53,7,"C8orf22"
3.48321797586977e-58,8.40015603786114,0.325,0.001,9.60601853385366e-54,7,"OGFR-AS1"
1.56099000776719e-67,7.8123790254266,0.35,0,4.30489824342036e-63,7,"PART1"
9.52969750003702e-106,7.78207984809749,1,0.044,2.62809997656021e-101,7,"BPIFB2"
1.53421846358349e-48,7.05044208491761,0.25,0,4.23106767887056e-44,7,"PKNOX2"
9.54822723688072e-66,6.95761381140153,0.425,0.005,2.63321010738696e-61,7,"LCN12"
1.00461815830107e-44,6.80257639247042,0.275,0.002,2.77053595696269e-40,7,"MRPL23-AS1"
1.52490890593069e-64,7.8827809903141,0.359,0.001,4.20539378077567e-60,8,"AL773572.7"
4.69065128103934e-94,6.5878952376247,0.538,0.002,1.29358781028503e-89,8,"CTD-2313J23.1"
5.99498052856365e-79,6.38439508728678,0.436,0.001,1.65329573016728e-74,8,"NPPB"
1.46889346157935e-87,6.31294307165268,0.564,0.006,4.05091438834352e-83,8,"RNF150"
1.89979972165692e-41,6.11665074277556,0.359,0.011,5.23926767238546e-37,8,"SLC25A48"
2.21608428846758e-33,6.06570492098886,0.308,0.011,6.11151725073589e-29,8,"NCAM1"
5.37292581746325e-97,6.05918204739371,0.615,0.006,1.48174548194002e-92,8,"KRT20"
1.7310412120773e-39,6.02296861609031,0.282,0.005,4.77386545466679e-35,8,"CCDC190"
2.36662219489277e-19,5.99039696658129,0.308,0.027,6.52667068907528e-15,8,"HLA-DQB2"
9.09930100524973e-89,5.76515393102852,0.487,0.001,2.50940523122777e-84,8,"RP11-380D23.2"
9.90160471331079e-138,10.7609820925321,0.808,0.003,2.73066454783685e-133,9,"FXYD2"
1.49311533955107e-82,9.84519269320704,0.462,0.001,4.11771348341395e-78,9,"PCK1"
2.41609476168619e-63,8.85177210423723,0.462,0.006,6.66310613377818e-59,9,"SLC3A1"
5.9730563841582e-68,8.61558317605126,0.385,0.001,1.64724948962315e-63,9,"GUCA2B"
2.36770208304338e-43,8.31195976752054,0.346,0.006,6.52964880461703e-39,9,"ABI3BP"
3.69424357230014e-55,8.2774572956932,0.346,0.002,1.01879849236893e-50,9,"APOC3"
1.90015629800836e-53,7.70808745639436,0.308,0.001,5.24025103864746e-49,9,"GYS2"
1.60726764411244e-71,7.6886055188398,0.462,0.003,4.43252270893328e-67,9,"UPK1B"
7.09671673701714e-48,7.68209632354741,0.308,0.002,1.95713254173459e-43,9,"NR1H4"
1.01849509047621e-96,7.60552726250825,0.731,0.01,2.80880576051529e-92,9,"SLC51B"
1.58287656452515e-59,6.92938860052525,0.4,0.003,4.36525698964745e-55,10,"CKMT2"
9.66312359212571e-83,6.29667158199419,0.68,0.012,2.66489622423643e-78,10,"FABP7"
9.36362893936213e-77,6.22540423629274,1,0.047,2.58230158889729e-72,10,"HOXB-AS3"
3.48936117160733e-38,6.207068558581,0.32,0.006,9.62296023905868e-34,10,"FMN2"
3.34985182902044e-25,5.9156606413047,0.28,0.009,9.23822137407257e-21,10,"SP8"
1.6993508736474e-58,5.7612943713976,0.64,0.021,4.6864698393448e-54,10,"RP11-1260E13.1"
4.93345674064204e-26,5.55628356209289,0.32,0.013,1.36054869993426e-21,10,"AC142293.3"
3.76245860039073e-33,5.42022264476799,0.52,0.03,1.03761083281576e-28,10,"S100A1"
1.31338993864466e-29,5.27708880533473,0.36,0.014,3.62206677279424e-25,10,"MYBPHL"
3.67934162564614e-55,5.1396766563708,0.8,0.043,1.01468883352069e-50,10,"S100A5"
