"Term","Overlap","P.value","Adjusted.P.value","Old.P.value","Old.Adjusted.P.value","Odds.Ratio","Combined.Score","Genes"
"Translational Readthrough (GO:0006451)","1/8",0.00399364626134036,0.0567690630743745,0,0,317.190476190476,1751.8590547314,"SECISBP2L"
"Selenocysteine Incorporation (GO:0001514)","1/8",0.00399364626134036,0.0567690630743745,0,0,317.190476190476,1751.8590547314,"SECISBP2L"
"RISC Complex Assembly (GO:0070922)","1/8",0.00399364626134036,0.0567690630743745,0,0,317.190476190476,1751.8590547314,"AGO1"
"DNA Methylation-Dependent Heterochromatin Formation (GO:0006346)","1/11",0.00548756766902295,0.0567690630743745,0,0,222,1155.5699775562,"MBD3"
"pre-miRNA Processing (GO:0031054)","1/12",0.00598509351248777,0.0567690630743745,0,0,201.808080808081,1032.95129457314,"AGO1"
"Regulation Of Actomyosin Structure Organization (GO:0110020)","1/12",0.00598509351248777,0.0567690630743745,0,0,201.808080808081,1032.95129457314,"FHOD1"
"Regulation Of Cell Fate Commitment (GO:0010453)","1/13",0.00648239549203707,0.0567690630743745,0,0,184.981481481481,932.059746399125,"MBD3"
"Regulation Of Cell Fate Specification (GO:0042659)","1/14",0.00697947368021334,0.0567690630743745,0,0,170.74358974359,847.704661538015,"MBD3"
"Positive Regulation Of Transmembrane Transport (GO:0034764)","1/15",0.00747632815644859,0.0567690630743745,0,0,158.539682539683,776.212425317664,"BRAF"
"Carbohydrate Derivative Catabolic Process (GO:1901136)","1/17",0.00846936628057759,0.0567690630743745,0,0,138.708333333333,661.819014297417,"BPGM"
"Regulation Of Glucose Transmembrane Transport (GO:0010827)","1/17",0.00846936628057759,0.0567690630743745,0,0,138.708333333333,661.819014297417,"BRAF"
"Facultative Heterochromatin Formation (GO:0140718)","1/17",0.00846936628057759,0.0567690630743745,0,0,138.708333333333,661.819014297417,"MBD3"
"DNA Catabolic Process (GO:0006308)","1/19",0.00946151051239574,0.0567690630743745,0,0,123.283950617284,574.567716360615,"REXO4"
"Cortical Actin Cytoskeleton Organization (GO:0030866)","1/19",0.00946151051239574,0.0567690630743745,0,0,123.283950617284,574.567716360615,"FHOD1"
"Regulation Of Actin Filament Bundle Assembly (GO:0032231)","1/26",0.0129269855424659,0.0616947816265106,0,0,88.7333333333333,385.851420723694,"FHOD1"
"Cortical Cytoskeleton Organization (GO:0030865)","1/27",0.0134211618656948,0.0616947816265106,0,0,85.3162393162393,367.791701998077,"FHOD1"
"RNA-mediated Gene Silencing (GO:0031047)","1/29",0.0144088467211374,0.0616947816265106,0,0,79.2142857142857,335.861672292423,"AGO1"
"Positive Regulation Of Glucose Transmembrane Transport (GO:0010828)","1/31",0.0153956417644848,0.0616947816265106,0,0,73.9259259259259,308.542479281304,"BRAF"
"Endodermal Cell Differentiation (GO:0035987)","1/31",0.0153956417644848,0.0616947816265106,0,0,73.9259259259259,308.542479281304,"MMP15"
"miRNA Processing (GO:0035196)","1/32",0.0158887058240638,0.0616947816265106,0,0,71.5376344086021,296.31937970283,"AGO1"
"Endoderm Formation (GO:0001706)","1/35",0.0173665651965465,0.0616947816265106,0,0,65.2156862745098,264.332771444539,"MMP15"
"Histone Deacetylation (GO:0016575)","1/36",0.0178587410119325,0.0616947816265106,0,0,63.3492063492063,254.997165595292,"MBD3"
"Protein Deacetylation (GO:0006476)","1/40",0.019825226718581,0.0616947816265106,0,0,56.8404558404558,222.860063552568,"MBD3"
"Positive Regulation Of DNA-templated Transcription (GO:0045893)","3/1243",0.0206630290700647,0.0616947816265106,0,0,6.48041474654378,25.1401806577795,"MBD3;FHOD1;AGO1"
"Negative Regulation Of Nucleic Acid-Templated Transcription (GO:1903507)","2/456",0.0206783220112773,0.0616947816265106,0,0,10.7577092511013,41.7255973989825,"MBD3;ZMYM2"
"Positive Regulation Of Stress Fiber Assembly (GO:0051496)","1/43",0.0212977650246516,0.0616947816265106,0,0,52.7724867724868,203.129383176071,"FHOD1"
"Extracellular Matrix Disassembly (GO:0022617)","1/44",0.0217881685512208,0.0616947816265106,0,0,51.5426356589147,197.222132033002,"MMP15"
"Nucleobase-Containing Compound Catabolic Process (GO:0034655)","1/44",0.0217881685512208,0.0616947816265106,0,0,51.5426356589147,197.222132033002,"REXO4"
"Epidermal Growth Factor Receptor Signaling Pathway (GO:0007173)","1/45",0.0222783509374742,0.0616947816265106,0,0,50.3686868686869,191.609530522956,"BRAF"
"Regulation Of Stem Cell Differentiation (GO:2000736)","1/45",0.0222783509374742,0.0616947816265106,0,0,50.3686868686869,191.609530522956,"MBD3"
"Cellular Component Disassembly (GO:0022411)","1/46",0.0227683122669265,0.0616947816265106,0,0,49.2469135802469,186.270812956763,"MMP15"
"Positive Regulation Of Actin Filament Bundle Assembly (GO:0032233)","1/51",0.0252148061968427,0.0661888662667121,0,0,44.3111111111111,163.079241679152,"FHOD1"
"ERBB Signaling Pathway (GO:0038127)","1/54",0.026680055532624,0.0679128686284974,0,0,41.7966457023061,151.464313783153,"BRAF"
"Cellular Response To Calcium Ion (GO:0071277)","1/69",0.033976614095502,0.0815438738292048,0,0,32.5522875816993,110.094532313003,"BRAF"
"Establishment Of Protein Localization To Membrane (GO:0090150)","1/69",0.033976614095502,0.0815438738292048,0,0,32.5522875816993,110.094532313003,"BRAF"
"Regulation Of Stress Fiber Assembly (GO:0051492)","1/75",0.0368814272661001,0.0856765048202043,0,0,29.9039039039039,98.6842937720567,"FHOD1"
"Negative Regulation Of Blood Vessel Morphogenesis (GO:2000181)","1/77",0.0378479500125182,0.0856765048202043,0,0,29.1140350877193,95.3245466085723,"AGO1"
"Macromolecule Modification (GO:0043412)","1/81",0.039778377237952,0.0856765048202043,0,0,27.6527777777778,89.1644960195625,"MMP15"
"Histone Modification (GO:0016570)","1/81",0.039778377237952,0.0856765048202043,0,0,27.6527777777778,89.1644960195625,"MBD3"
"Macromolecule Catabolic Process (GO:0009057)","1/85",0.0417053180950638,0.086430896935413,0,0,26.3306878306878,83.6559293891733,"REXO4"
"Negative Regulation Of Angiogenesis (GO:0016525)","1/86",0.0421865092184754,0.086430896935413,0,0,26.0196078431373,82.3690963539015,"AGO1"
"Positive Regulation Of Peptidyl-Serine Phosphorylation (GO:0033138)","1/89",0.0436287781768768,0.0872575563537536,0,0,25.1287878787879,78.7043259793786,"BRAF"
"Regulation Of Peptidyl-Serine Phosphorylation (GO:0033135)","1/93",0.0455487630468528,0.0889789789752473,0,0,24.0314009661836,74.2323201774775,"BRAF"
"Protein Modification Process (GO:0036211)","2/711",0.0469984031016275,0.0894952158535588,0,0,6.79866008462623,20.7878662689306,"MMP15;BRAF"
"MAPK Cascade (GO:0000165)","1/98",0.0479438656358351,0.0894952158535588,0,0,22.786941580756,69.220448859451,"BRAF"
"Response To Calcium Ion (GO:0051592)","1/106",0.0517647805964338,0.0909650089194844,0,0,21.042328042328,62.3072859663839,"BRAF"
"Extracellular Structure Organization (GO:0043062)","1/109",0.0531940618974192,0.0909650089194844,0,0,20.4547325102881,60.0102682539226,"MMP15"
"Cellular Response To Salt (GO:1902075)","1/109",0.0531940618974192,0.0909650089194844,0,0,20.4547325102881,60.0102682539226,"BRAF"
"External Encapsulating Structure Organization (GO:0045229)","1/110",0.0536700579531297,0.0909650089194844,0,0,20.2660550458716,59.2761846669069,"MMP15"
"RNA Metabolic Process (GO:0016070)","1/111",0.0541458386425503,0.0909650089194844,0,0,20.0808080808081,58.5571255000273,"AGO1"
"Regulation Of DNA-templated Transcription (GO:0006355)","3/1922",0.0635896870772722,0.104735955186095,0,0,4.03580734013251,11.1198760052184,"MBD3;ZMYM2;REXO4"
"Cellular Response To Metal Ion (GO:0071248)","1/135",0.0655001866370673,0.105807993798339,0,0,16.4643449419569,44.8769026609994,"BRAF"
"protein-RNA Complex Assembly (GO:0022618)","1/150",0.072534211173127,0.112892923932129,0,0,14.7956748695004,38.81936703083,"AGO1"
"Regulation Of Transcription By RNA Polymerase II (GO:0006357)","3/2028",0.0725740225277971,0.112892923932129,0,0,3.8021164021164,9.97351493937875,"MBD3;FHOD1;AGO1"
"Positive Regulation Of Transcription By RNA Polymerase II (GO:0045944)","2/938",0.0770119514522498,0.117618253127072,0,0,5.0892094017094,13.0476878648599,"FHOD1;AGO1"
"Extracellular Matrix Organization (GO:0030198)","1/176",0.0846137238435418,0.126734428723521,0,0,12.5809523809524,31.070659824835,"MMP15"
"Positive Regulation Of ERK1 And ERK2 Cascade (GO:0070374)","1/179",0.0859983623481033,0.126734428723521,0,0,12.3670411985019,30.3416331003164,"BRAF"
"Negative Regulation Of DNA-templated Transcription (GO:0045892)","2/1025",0.0898556526364061,0.127287703669751,0,0,4.63514173998045,11.1686092828427,"MBD3;ZMYM2"
"Modification-Dependent Protein Catabolic Process (GO:0019941)","1/192",0.0919767065184695,0.127287703669751,0,0,11.5177428737638,27.4838675249733,"FBXO21"
"Protein Localization To Membrane (GO:0072657)","1/192",0.0919767065184695,0.127287703669751,0,0,11.5177428737638,27.4838675249733,"BRAF"
"Regulation Of Cell Differentiation (GO:0045595)","1/193",0.0924351181411287,0.127287703669751,0,0,11.4571759259259,27.2823807660605,"MBD3"
"Regulation Of Angiogenesis (GO:0045765)","1/205",0.0979198348783283,0.13266558273838,0,0,10.776688453159,25.0407795287958,"AGO1"
"Regulation Of Gene Expression (GO:0010468)","2/1127",0.105718460589512,0.140957947452682,0,0,4.19222222222222,9.41982167427565,"BRAF;REXO4"
"Chromatin Remodeling (GO:0006338)","1/228",0.108348899390465,0.142207930449985,0,0,9.67351933431229,21.4984168796872,"MBD3"
"Regulation Of ERK1 And ERK2 Cascade (GO:0070372)","1/244",0.115539765592479,0.149312927842589,0,0,9.02926383173297,19.4864201178354,"BRAF"
"Chromatin Organization (GO:0006325)","1/268",0.126228230552969,0.16065411161287,0,0,8.20765709529755,16.9870895989129,"MBD3"
"DNA Metabolic Process (GO:0006259)","1/288",0.135046327049174,0.168447313131773,0,0,7.62795199380565,15.2722079423285,"REXO4"
"DNA Repair (GO:0006281)","1/291",0.136362110630483,0.168447313131773,0,0,7.54789272030651,15.038733587438,"REXO4"
"Positive Regulation Of MAPK Cascade (GO:0043410)","1/310",0.144653657634086,0.176100104945844,0,0,7.07695073714491,13.6826682850859,"BRAF"
"Proteolysis (GO:0006508)","1/330",0.15330413834942,0.183964966019304,0,0,6.63998649105032,12.452175815384,"MMP15"
"Positive Regulation Of Macromolecule Metabolic Process (GO:0010604)","1/364",0.16782941288745,0.197283594336427,0,0,6.00765228037955,10.7225011347859,"BRAF"
"Ubiquitin-Dependent Protein Catabolic Process (GO:0006511)","1/367",0.169100223716937,0.197283594336427,0,0,5.95749848208865,10.588045795572,"FBXO21"
"Positive Regulation Of Protein Phosphorylation (GO:0001934)","1/377",0.173323655692821,0.197420777861054,0,0,5.79609929078014,10.1582122611378,"BRAF"
"Negative Regulation Of Programmed Cell Death (GO:0043069)","1/381",0.175007611491337,0.197420777861054,0,0,5.73391812865497,9.99379390899869,"BRAF"
"DNA Damage Response (GO:0006974)","1/384",0.176268551661655,0.197420777861054,0,0,5.68813460980563,9.87316022498115,"REXO4"
"Cellular Response To Oxygen-Containing Compound (GO:1901701)","1/406",0.185462575385933,0.204984951742347,0,0,5.37311385459534,9.05317117838103,"BRAF"
"Phosphorylation (GO:0016310)","1/429",0.194975663223148,0.212700723516161,0,0,5.07840083073728,8.30257865283454,"BRAF"
"Regulation Of Nucleic Acid-Templated Transcription (GO:1903506)","1/452",0.204388639977025,0.220110843052181,0,0,4.81374722838137,7.64294051252968,"REXO4"
"Positive Regulation Of Gene Expression (GO:0010628)","1/480",0.215714150840266,0.227343412865652,0,0,4.52586406866156,6.94177539319683,"BRAF"
"Negative Regulation Of Apoptotic Process (GO:0043066)","1/482",0.216517536062526,0.227343412865652,0,0,4.50658350658351,6.89545013213669,"BRAF"
"Protein Phosphorylation (GO:0006468)","1/500",0.223714742961565,0.232000474182363,0,0,4.34001336005344,6.49866442810461,"BRAF"
"Positive Regulation Of Nucleic Acid-Templated Transcription (GO:1903508)","1/557",0.246115065526646,0.252117872002906,0,0,3.88369304556355,5.44476718047735,"MBD3"
"Regulation Of Apoptotic Process (GO:0042981)","1/705",0.30158675663756,0.305220332018736,0,0,3.04387626262626,3.64868703119204,"BRAF"
"Negative Regulation Of Transcription By RNA Polymerase II (GO:0000122)","1/763",0.322303799231578,0.322303799231578,0,0,2.80373286672499,3.17455654489911,"MBD3"
