"","P1006","P1010","P1011","P1012","P1013","P1015","P1019","P1028","P1049","P1051","P1058","P3002","P3003","P3004","P3006","P3007","P3012","P3013","P3016","P3017","P3019"
"Exploratory_Cycling_6",5,3,5,1,2,10,0,1,4,0,0,0,1,1,0,1,1,0,0,0,6
"Exploratory_High_EMT_4",24,0,0,0,21,0,0,0,19,0,0,0,0,0,0,0,0,0,0,0,0
"Exploratory_High_LungDiff_5",0,0,0,0,0,0,27,0,0,0,0,0,0,0,0,0,0,20,0,0,0
"Exploratory_High_Stemness_9",0,0,0,0,0,0,0,0,0,0,0,0,0,0,0,0,0,0,26,0,0
"Exploratory_State_10",0,0,0,0,0,0,0,0,0,0,0,0,0,0,0,0,25,0,0,0,0
"Exploratory_State_3",0,0,0,0,0,0,0,0,0,25,1,21,0,0,0,25,0,0,0,0,0
"Exploratory_State_7",0,0,0,0,0,0,0,0,0,0,0,0,0,0,0,0,0,0,0,40,0
"Exploratory_State_8",0,0,0,0,0,0,0,0,0,0,0,0,0,39,0,0,0,0,0,0,0
"Malignant_Cycling_tS3",3,12,6,7,5,5,3,5,2,1,5,0,7,1,1,1,2,1,1,0,15
"Malignant_Differentiated_tS2",12,4,4,3,16,3,2,10,13,8,5,11,7,7,10,11,14,19,7,8,12
"Malignant_Hybrid_EMT_tS1",0,22,24,38,0,16,18,28,0,7,22,3,33,0,14,9,3,6,7,0,16
