"signature_name","gene","reference"
"EMT","VIM","Published Literature"
"EMT","CDH2","Published Literature"
"EMT","SNAI1","Published Literature"
"EMT","SNAI2","Published Literature"
"EMT","TWIST1","Published Literature"
"EMT","ZEB1","Published Literature"
"EMT","ZEB2","Published Literature"
"EMT","FN1","Published Literature"
"EMT","MMP2","Published Literature"
"Plasticity","EPCAM","Published Literature"
"Plasticity","VIM","Published Literature"
"Plasticity","CDH1","Published Literature"
"Plasticity","CDH2","Published Literature"
"Plasticity","SOX2","Published Literature"
"Plasticity","ALDH1A1","Published Literature"
"CTA","MAGEA3","Published Literature"
"CTA","MAGEA4","Published Literature"
"CTA","CTAG1B","Published Literature"
"CTA","CTAG2","Published Literature"
